{"cameraMode":{"drawMode":0,"name":"Shaded","section":"Shading Mode"},"sceneLighting":true,"audioPlay":false,"sceneViewState":{"m_AlwaysRefresh":false,"showFog":true,"showSkybox":true,"showFlares":true,"showImageEffects":true,"showParticleSystems":true,"showVisualEffectGraphs":true,"m_FxEnabled":true},"in2DMode":false,"pivot":{"x":-0.3392643928527832,"y":-3.6066646575927736,"z":5.0532989501953129},"rotation":{"x":0.44618523120880129,"y":-0.09508492797613144,"z":0.047571342438459399,"w":0.8886430859565735},"size":6.399997711181641,"orthographic":false}