{"cameraMode":{"drawMode":0,"name":"Shaded","section":"Shading Mode"},"sceneLighting":false,"audioPlay":false,"sceneViewState":{"m_AlwaysRefresh":false,"showFog":true,"showSkybox":false,"showFlares":true,"showImageEffects":true,"showParticleSystems":true,"showVisualEffectGraphs":true,"m_FxEnabled":true},"in2DMode":false,"pivot":{"x":0.36987972259521487,"y":1.5012264251708985,"z":2.3859663009643556},"rotation":{"x":0.07054000347852707,"y":-0.08075869083404541,"z":0.005486051086336374,"w":0.9942649006843567},"size":9.676064491271973,"orthographic":false}