{"cameraMode":{"drawMode":0,"name":"Shaded","section":"Shading Mode"},"sceneLighting":false,"audioPlay":false,"sceneViewState":{"m_AlwaysRefresh":false,"showFog":true,"showSkybox":false,"showFlares":true,"showImageEffects":true,"showParticleSystems":true,"showVisualEffectGraphs":true,"m_FxEnabled":true},"in2DMode":false,"pivot":{"x":1.949502944946289,"y":-0.6042330861091614,"z":4.108186721801758},"rotation":{"x":0.4271262586116791,"y":0.00802842527627945,"z":-0.004011001903563738,"w":0.9042038321495056},"size":5.2831645011901859,"orthographic":false}