{"cameraMode":{"drawMode":0,"name":"Shaded","section":"Shading Mode"},"sceneLighting":false,"audioPlay":false,"sceneViewState":{"m_AlwaysRefresh":false,"showFog":true,"showSkybox":false,"showFlares":true,"showImageEffects":true,"showParticleSystems":true,"showVisualEffectGraphs":true,"m_FxEnabled":true},"in2DMode":false,"pivot":{"x":0.36987972259521487,"y":1.5012264251708985,"z":2.3859663009643556},"rotation":{"x":0.18522588908672334,"y":-0.5994858741760254,"z":0.14478689432144166,"w":0.7651448845863342},"size":6.376062393188477,"orthographic":false}