{"cameraMode":{"drawMode":0,"name":"Shaded","section":"Shading Mode"},"sceneLighting":false,"audioPlay":false,"sceneViewState":{"m_AlwaysRefresh":false,"showFog":true,"showSkybox":false,"showFlares":true,"showImageEffects":true,"showParticleSystems":true,"showVisualEffectGraphs":true,"m_FxEnabled":true},"in2DMode":false,"pivot":{"x":-0.25723040103912356,"y":0.3852444887161255,"z":0.014459967613220215},"rotation":{"x":0.12631435692310334,"y":-0.7695416808128357,"z":0.16065002977848054,"w":0.6050366163253784},"size":3.005244255065918,"orthographic":false}