{"cameraMode":{"drawMode":0,"name":"Shaded","section":"Shading Mode"},"sceneLighting":false,"audioPlay":false,"sceneViewState":{"m_AlwaysRefresh":false,"showFog":true,"showSkybox":false,"showFlares":true,"showImageEffects":true,"showParticleSystems":true,"showVisualEffectGraphs":true,"m_FxEnabled":true},"in2DMode":false,"pivot":{"x":0.09999990463256836,"y":3.799999952316284,"z":-0.09999942779541016},"rotation":{"x":0.19813907146453858,"y":-0.6912021636962891,"z":0.20594263076782227,"w":0.663823127746582},"size":8.027454376220704,"orthographic":false}