{"cameraMode":{"drawMode":0,"name":"Shaded","section":"Shading Mode"},"sceneLighting":false,"audioPlay":false,"sceneViewState":{"m_AlwaysRefresh":false,"showFog":true,"showSkybox":false,"showFlares":true,"showImageEffects":true,"showParticleSystems":true,"showVisualEffectGraphs":true,"m_FxEnabled":true},"in2DMode":false,"pivot":{"x":0.04499995708465576,"y":0.044999998062849048,"z":0.04499995708465576},"rotation":{"x":0.07636664062738419,"y":-0.10007397085428238,"z":0.007517402060329914,"w":0.9920565485954285},"size":4.082808494567871,"orthographic":false}