{"cameraMode":{"drawMode":0,"name":"Shaded","section":"Shading Mode"},"sceneLighting":false,"audioPlay":false,"sceneViewState":{"m_AlwaysRefresh":false,"showFog":true,"showSkybox":false,"showFlares":true,"showImageEffects":true,"showParticleSystems":true,"showVisualEffectGraphs":true,"m_FxEnabled":true},"in2DMode":false,"pivot":{"x":-2.0307435989379885,"y":0.044999998062849048,"z":-1.957001805305481},"rotation":{"x":0.0994444489479065,"y":-0.2811126708984375,"z":0.029140401631593705,"w":0.9540998339653015},"size":5.282809257507324,"orthographic":false}