{"cameraMode":{"drawMode":0,"name":"Shaded","section":"Shading Mode"},"sceneLighting":false,"audioPlay":false,"sceneViewState":{"m_AlwaysRefresh":false,"showFog":true,"showSkybox":false,"showFlares":true,"showImageEffects":true,"showParticleSystems":true,"showVisualEffectGraphs":true,"m_FxEnabled":true},"in2DMode":false,"pivot":{"x":-1.1920928955078126e-7,"y":0.9999999403953552,"z":-12.359999656677246},"rotation":{"x":0.2646619379520416,"y":-0.3512555956840515,"z":0.10394813120365143,"w":0.8921083807945252},"size":1.7320510149002076,"orthographic":false}