{"cameraMode":{"drawMode":0,"name":"Shaded","section":"Shading Mode"},"sceneLighting":false,"audioPlay":false,"sceneViewState":{"m_AlwaysRefresh":false,"showFog":true,"showSkybox":false,"showFlares":true,"showImageEffects":true,"showParticleSystems":true,"showVisualEffectGraphs":true,"m_FxEnabled":true},"in2DMode":false,"pivot":{"x":1.949502944946289,"y":-0.4478750228881836,"z":-2.161813259124756},"rotation":{"x":0.18641328811645509,"y":-0.22900263965129853,"z":0.044729944318532947,"w":0.9543651938438416},"size":2.866408109664917,"orthographic":true}